person_id,full_name,gender,birthdate,photo
1,Stirling Smallcombe,M,1934-02-07,https://robohash.org/harumblanditiistotam.jpg?size=50x50&set=set1
2,Demetris Dimitresco,M,1934-02-15,https://robohash.org/oditnumquamin.jpg?size=50x50&set=set1
3,Aloin Traise,M,1935-06-26,https://robohash.org/doloremnihilipsum.jpg?size=50x50&set=set1
4,Paloma Larmett,F,1943-09-03,https://robohash.org/nesciuntdelectusquae.jpg?size=50x50&set=set1
5,Clementina McEvay,M,1939-11-12,
6,Moria Satterthwaite,M,1921-05-17,
7,Charmian Bantham,M,1908-03-08,
8,Laure Riccardelli,M,1950-10-20,https://robohash.org/facereettempore.jpg?size=50x50&set=set1
9,Town Osgorby,F,1932-09-01,
10,Augustus Baynes,M,1901-09-20,https://robohash.org/quisintet.jpg?size=50x50&set=set1
11,Sheena Kunzel,M,1936-10-15,
12,Diann Wyse,F,1938-08-16,
13,Glen Easterby,M,1931-07-11,https://robohash.org/assumendamagniinventore.jpg?size=50x50&set=set1
14,Jennica Scroggins,M,1931-03-10,https://robohash.org/quaeratetillo.jpg?size=50x50&set=set1
15,Juanita Bastian,M,1968-07-16,
16,Tate Clymo,F,1957-04-17,
17,Harold Cracknall,M,1954-03-31,
18,Debbi Niemiec,F,1904-09-26,
19,Dorey Berndtsson,F,1922-09-07,
20,Lilith O'Cannan,M,1939-02-20,https://robohash.org/voluptatumvoluptasearum.jpg?size=50x50&set=set1
21,Tyson Rowter,M,1959-03-15,https://robohash.org/officiatemporibusnon.jpg?size=50x50&set=set1
22,Louis Alldis,M,1954-06-07,
23,Roxane Clark,F,1910-03-08,
24,Daron Soldan,M,1969-10-03,https://robohash.org/inautveritatis.jpg?size=50x50&set=set1
25,Linnea Shewan,F,1907-05-04,
26,Tilly Wishart,M,1959-12-17,
27,Burnaby Drought,F,1961-09-03,
28,Stafani Le Merchant,M,1941-01-20,
29,Iseabal Berford,F,1912-05-24,
30,Winnah Devin,M,1948-06-19,
31,Pearla Spir,M,1955-05-01,https://robohash.org/suntdoloremquelaudantium.jpg?size=50x50&set=set1
32,Blair Burd,F,1921-05-30,
33,Lindsay Woolforde,F,1927-02-13,https://robohash.org/utquisquamofficiis.jpg?size=50x50&set=set1
34,Constantin Rembrandt,F,1965-01-26,https://robohash.org/deseruntsaepequia.jpg?size=50x50&set=set1
35,Amble Kaming,M,1947-04-28,
36,Vivyanne Rivitt,M,1934-05-19,
37,Elwyn Ollington,M,1906-12-22,https://robohash.org/aliquamvoluptatibusvoluptatum.jpg?size=50x50&set=set1
38,Fancy Gresswood,F,1932-07-03,
39,Pauly Joiner,F,1905-12-03,
40,Dion Matterface,M,1914-07-30,
41,Caresa Edmott,F,1942-09-07,
42,Pepita Monard,F,1954-07-17,
43,Lacy Coggen,F,1926-07-26,
44,Rufus Payze,M,1927-02-19,
45,Egbert Bilsford,F,1955-10-02,https://robohash.org/quibusdammagniquia.jpg?size=50x50&set=set1
46,Bertine Milius,F,1964-12-29,
47,Marnie Kopf,M,1927-11-02,
48,Gayle Trevaskus,F,1911-07-30,
49,Lilly Bownass,F,1947-03-07,
50,Penni Ecclesall,F,1956-02-07,
51,Shawn Weson,F,1962-02-11,https://robohash.org/idpossimusomnis.jpg?size=50x50&set=set1
52,Shela Stenning,M,1903-01-03,
53,Maire Checcuzzi,F,1964-12-06,
54,Joly Charle,F,1947-10-01,https://robohash.org/nesciuntinut.jpg?size=50x50&set=set1
55,Catherine Gehringer,F,1944-09-14,
56,Jeri Huggill,M,1964-05-23,
57,Josie Allerton,F,1945-10-21,https://robohash.org/nequedelenitiquasi.jpg?size=50x50&set=set1
58,Trina Erdis,F,1932-09-01,
59,Lucina Penrice,F,1903-06-25,
60,Donal Brabham,M,1970-05-24,https://robohash.org/etnihilsint.jpg?size=50x50&set=set1
61,Aron Syson,F,1949-01-18,
62,Cecily Minnock,M,1914-06-29,
63,Alric Bream,F,1947-08-20,
64,Elisa Gerrill,M,1939-02-01,
65,Lynnea Kleinlerer,M,1901-01-07,
66,Any Hoyles,M,1923-05-07,https://robohash.org/placeatdoloremmolestiae.jpg?size=50x50&set=set1
67,Sianna Morriarty,F,1926-09-24,
68,Annora Freer,F,1934-05-12,
69,Fredelia Milmore,F,1928-11-14,
70,Didi Gantley,M,1920-10-03,https://robohash.org/ipsumquasipariatur.jpg?size=50x50&set=set1
71,Cecile Tassaker,F,1925-03-25,
72,Ambrosi Hake,M,1921-10-28,https://robohash.org/cumfugitlibero.jpg?size=50x50&set=set1
73,Steward Exrol,M,1926-04-25,
74,Rickie Bridgett,M,1939-09-26,
75,Waylon Hyatt,M,1931-11-02,https://robohash.org/molestiasquamnemo.jpg?size=50x50&set=set1
76,Winnifred Moorhouse,M,1936-07-23,https://robohash.org/repudiandaeexmagni.jpg?size=50x50&set=set1
77,Dannel Cobain,F,1936-12-23,https://robohash.org/undemolestiaset.jpg?size=50x50&set=set1
78,Kerstin Guthrie,F,1929-07-09,
79,Cob Brickdale,F,1939-07-19,
80,Cecilla Swepstone,F,1935-03-23,
81,Belle Demangel,M,1940-08-03,
82,Saunders Floodgate,M,1935-07-31,
83,Christoffer Thirsk,F,1940-03-22,https://robohash.org/harummagniipsa.jpg?size=50x50&set=set1
84,Horst Colthurst,M,1933-05-13,
85,Andrea Hourican,F,1938-11-14,
86,Anthe Chansonnau,M,1934-02-16,https://robohash.org/enimdoloremvoluptatem.jpg?size=50x50&set=set1
87,Fabian Haburne,F,1933-09-29,
88,Kathi Shelmerdine,M,1921-10-01,https://robohash.org/eligendiliberoquos.jpg?size=50x50&set=set1
89,Marc Kezar,F,1937-02-11,
90,Vivi Seawright,F,1937-03-23,
91,Gail O'Haire,F,1936-11-16,
92,Alyssa Rowsell,F,1921-12-17,
93,Broddy Hugett,F,1930-11-02,
94,Joell Thwaites,F,1932-05-05,https://robohash.org/faceretotamvelit.jpg?size=50x50&set=set1
95,Joceline Hayley,F,1929-08-30,
96,Pauletta Whitfield,M,1926-05-30,
97,Robinet Heinrici,M,1928-06-13,
98,Gianna Farrent,F,1937-02-05,https://robohash.org/impeditvoluptatibuset.jpg?size=50x50&set=set1
99,Doria Alberti,F,1921-10-28,https://robohash.org/facereadipisciunde.jpg?size=50x50&set=set1
100,Dory Jezard,F,1936-07-09,